Data Source,World Development Indicators,,,,,,,,,,,,,,,,,,,,,,,,,,,,,,,,,,,,,,,,,,,,,,,,,,,,,,,,,,,,,,,
,,,,,,,,,,,,,,,,,,,,,,,,,,,,,,,,,,,,,,,,,,,,,,,,,,,,,,,,,,,,,,,,
Last Updated Date,2021-10-28,,,,,,,,,,,,,,,,,,,,,,,,,,,,,,,,,,,,,,,,,,,,,,,,,,,,,,,,,,,,,,,
,,,,,,,,,,,,,,,,,,,,,,,,,,,,,,,,,,,,,,,,,,,,,,,,,,,,,,,,,,,,,,,,
Country Name,Country Code,Indicator Name,Indicator Code,1960,1961,1962,1963,1964,1965,1966,1967,1968,1969,1970,1971,1972,1973,1974,1975,1976,1977,1978,1979,1980,1981,1982,1983,1984,1985,1986,1987,1988,1989,1990,1991,1992,1993,1994,1995,1996,1997,1998,1999,2000,2001,2002,2003,2004,2005,2006,2007,2008,2009,2010,2011,2012,2013,2014,2015,2016,2017,2018,2019,2020
Aruba,ABW,"Unemployment, total (% of total labor force) (modeled ILO estimate)",SL.UEM.TOTL.ZS,,,,,,,,,,,,,,,,,,,,,,,,,,,,,,,,,,,,,,,,,,,,,,,,,,,,,,,,,,,,,
Afghanistan,AFG,"Unemployment, total (% of total labor force) (modeled ILO estimate)",SL.UEM.TOTL.ZS,,,,,,,,,,,,,,,,,,,,,,,,,,,,,,,,11.38,11.46,11.61,11.65,11.65,11.65,11.64,11.64,11.69,11.65,11.63,11.68,11.68,11.61,11.52,11.34,11.18,11.11,11.46,11.52,11.51,11.52,11.54,11.45,11.39,11.31,11.18,11.06,10.98,11.73
Angola,AGO,"Unemployment, total (% of total labor force) (modeled ILO estimate)",SL.UEM.TOTL.ZS,,,,,,,,,,,,,,,,,,,,,,,,,,,,,,,,3.75,3.78,3.85,3.87,3.86,3.86,3.86,3.86,3.88,3.87,3.85,3.88,3.88,3.85,3.81,3.73,3.66,3.63,3.78,9.43,7.36,7.37,7.38,7.31,7.26,7.2,7.1,7,6.93,7.7
Albania,ALB,"Unemployment, total (% of total labor force) (modeled ILO estimate)",SL.UEM.TOTL.ZS,,,,,,,,,,,,,,,,,,,,,,,,,,,,,,,,16.22,16.33,16.52,16.57,16.57,16.57,16.55,16.55,16.62,16.58,16.54,16.61,16.61,16.52,16.4,16.17,15.97,13.06,13.67,14.09,13.48,13.38,15.87,18.06,17.19,15.42,13.62,12.3,11.47,11.7
Andorra,AND,"Unemployment, total (% of total labor force) (modeled ILO estimate)",SL.UEM.TOTL.ZS,,,,,,,,,,,,,,,,,,,,,,,,,,,,,,,,,,,,,,,,,,,,,,,,,,,,,,,,,,,,,
United Arab Emirates,ARE,"Unemployment, total (% of total labor force) (modeled ILO estimate)",SL.UEM.TOTL.ZS,,,,,,,,,,,,,,,,,,,,,,,,,,,,,,,,1.75,1.75,1.73,1.76,1.8,1.89,1.98,2.07,2.15,2.25,2.41,2.56,2.71,2.9,3.12,3.06,2.99,2.85,2.53,2.36,2.23,2.09,1.95,1.84,1.74,1.64,2.46,2.23,2.28,5
Argentina,ARG,"Unemployment, total (% of total labor force) (modeled ILO estimate)",SL.UEM.TOTL.ZS,,,,,,,,,,,,,,,,,,,,,,,,,,,,,,,,5.44,6.36,10.1,11.76,18.8,17.11,14.82,12.65,14.05,15,17.32,19.59,15.36,13.52,11.51,10.08,8.47,7.84,8.65,7.71,7.18,7.22,7.1,7.27,7.61,7.97,8.35,9.22,9.84,11.67
Armenia,ARM,"Unemployment, total (% of total labor force) (modeled ILO estimate)",SL.UEM.TOTL.ZS,,,,,,,,,,,,,,,,,,,,,,,,,,,,,,,,1.6,1.8,5.3,6.6,6.7,9.3,10.8,9.4,11.2,11.05,10.91,10.84,10.72,10.54,10.34,10.07,9.81,13.51,18.44,19.01,18.44,17.3,16.18,17.5,18.26,17.62,17.71,18.97,18.81,20.21
American Samoa,ASM,"Unemployment, total (% of total labor force) (modeled ILO estimate)",SL.UEM.TOTL.ZS,,,,,,,,,,,,,,,,,,,,,,,,,,,,,,,,,,,,,,,,,,,,,,,,,,,,,,,,,,,,,
Antigua and Barbuda,ATG,"Unemployment, total (% of total labor force) (modeled ILO estimate)",SL.UEM.TOTL.ZS,,,,,,,,,,,,,,,,,,,,,,,,,,,,,,,,,,,,,,,,,,,,,,,,,,,,,,,,,,,,,
Australia,AUS,"Unemployment, total (% of total labor force) (modeled ILO estimate)",SL.UEM.TOTL.ZS,,,,,,,,,,,,,,,,,,,,,,,,,,,,,,,,9.58,10.73,10.87,9.72,8.47,8.51,8.36,7.68,6.87,6.28,6.74,6.37,5.93,5.4,5.03,4.78,4.38,4.23,5.56,5.21,5.08,5.22,5.66,6.08,6.05,5.71,5.59,5.3,5.16,6.61
Austria,AUT,"Unemployment, total (% of total labor force) (modeled ILO estimate)",SL.UEM.TOTL.ZS,,,,,,,,,,,,,,,,,,,,,,,,,,,,,,,,3.42,3.59,4.25,3.54,4.35,5.28,5.15,5.52,4.7,4.69,4.01,4.85,4.78,5.83,5.63,5.24,4.86,4.13,5.3,4.82,4.56,4.87,5.34,5.62,5.72,6.01,5.5,4.85,4.49,5.77
Azerbaijan,AZE,"Unemployment, total (% of total labor force) (modeled ILO estimate)",SL.UEM.TOTL.ZS,,,,,,,,,,,,,,,,,,,,,,,,,,,,,,,,0.9,1.8,4.5,6.3,7.2,8.1,9.1,10,10.9,11.78,10.91,10.04,9.17,7.99,7.26,6.62,6.33,5.86,5.74,5.63,5.42,5.19,4.97,4.91,4.96,5,5,4.9,4.84,6.27
Burundi,BDI,"Unemployment, total (% of total labor force) (modeled ILO estimate)",SL.UEM.TOTL.ZS,,,,,,,,,,,,,,,,,,,,,,,,,,,,,,,,1.75,1.79,1.85,1.87,1.87,1.87,1.87,1.87,1.89,1.87,1.86,1.89,1.89,1.85,1.81,1.73,1.66,1.63,1.75,1.74,1.7,1.67,1.64,1.57,1.55,1.53,1.48,1.45,1.42,0.8
Belgium,BEL,"Unemployment, total (% of total labor force) (modeled ILO estimate)",SL.UEM.TOTL.ZS,,,,,,,,,,,,,,,,,,,,,,,,,,,,,,,,6.99,6.7,8.08,9.65,9.34,9.48,8.96,9.32,8.65,6.59,6.18,6.91,7.68,7.36,8.44,8.25,7.46,6.98,7.91,8.29,7.14,7.54,8.43,8.52,8.48,7.83,7.09,5.95,5.36,6.01
Benin,BEN,"Unemployment, total (% of total labor force) (modeled ILO estimate)",SL.UEM.TOTL.ZS,,,,,,,,,,,,,,,,,,,,,,,,,,,,,,,,1.48,1.51,1.46,1.37,1.27,1.18,1.08,1,0.92,0.84,0.75,0.69,0.73,0.77,0.8,0.81,0.82,0.85,0.97,1.04,2.65,2.65,2.66,2.61,2.57,2.52,2.44,2.37,2.32,2.54
Burkina Faso,BFA,"Unemployment, total (% of total labor force) (modeled ILO estimate)",SL.UEM.TOTL.ZS,,,,,,,,,,,,,,,,,,,,,,,,,,,,,,,,2.48,2.51,2.56,2.58,2.54,2.51,2.47,2.44,2.52,2.57,2.63,2.71,2.78,3.37,4,3.64,3.3,3.62,4.23,4.68,5.12,5.58,6.07,6.48,6.04,5.6,5.13,4.7,4.62,4.96
Bangladesh,BGD,"Unemployment, total (% of total labor force) (modeled ILO estimate)",SL.UEM.TOTL.ZS,,,,,,,,,,,,,,,,,,,,,,,,,,,,,,,,2.2,2.27,2.36,2.42,2.47,2.51,2.69,2.87,3.09,3.27,3.59,3.96,4.32,4.3,4.25,3.59,3.91,4.29,5,3.38,3.71,4.06,4.43,4.39,4.38,4.35,4.37,4.29,4.22,5.3
Bulgaria,BGR,"Unemployment, total (% of total labor force) (modeled ILO estimate)",SL.UEM.TOTL.ZS,,,,,,,,,,,,,,,,,,,,,,,,,,,,,,,,13.4,13.5,13.67,13.72,13.71,13.72,13.7,12.2,14.1,16.22,19.92,18.11,13.73,12.04,10.08,8.95,6.88,5.61,6.82,10.28,11.26,12.27,12.94,11.42,9.14,7.58,6.16,5.21,4.23,5.71
Bahrain,BHR,"Unemployment, total (% of total labor force) (modeled ILO estimate)",SL.UEM.TOTL.ZS,,,,,,,,,,,,,,,,,,,,,,,,,,,,,,,,0.88,0.86,0.83,0.84,0.85,0.87,0.9,0.92,0.93,0.95,0.98,0.98,1,1.03,1.07,1.13,1.2,1.22,1.13,1.13,1.18,1.2,1.22,1.27,1.32,1.38,1.44,1.51,1.56,4.09
"Bahamas, The",BHS,"Unemployment, total (% of total labor force) (modeled ILO estimate)",SL.UEM.TOTL.ZS,,,,,,,,,,,,,,,,,,,,,,,,,,,,,,,,12.17,14.81,12.72,13.83,10.83,11.46,9.76,7.65,7.45,7.16,6.87,9.05,10.84,10.2,10.2,7.54,7.88,8.18,14.25,14.33,14.52,14.02,16.18,13.8,12,12.7,9.8,10,10.11,14.41
Bosnia and Herzegovina,BIH,"Unemployment, total (% of total labor force) (modeled ILO estimate)",SL.UEM.TOTL.ZS,,,,,,,,,,,,,,,,,,,,,,,,,,,,,,,,17.55,18.43,19.4,20.29,21.13,22.01,22.88,23.78,24.78,25.67,26.59,27.65,28.64,29.54,30.4,31.11,28.98,23.41,24.07,27.31,27.58,28.01,27.49,27.52,27.69,25.41,20.53,18.4,15.69,16.85
Belarus,BLR,"Unemployment, total (% of total labor force) (modeled ILO estimate)",SL.UEM.TOTL.ZS,,,,,,,,,,,,,,,,,,,,,,,,,,,,,,,,0.6,3.1,8.5,12.8,17.7,24.4,17.1,14,12.8,12,11.23,10.58,9.88,9.16,8.44,7.7,7.01,6.42,6.1,6.11,6.08,6.06,6.05,5.97,5.91,5.84,5.65,4.76,4.71,5.28
Belize,BLZ,"Unemployment, total (% of total labor force) (modeled ILO estimate)",SL.UEM.TOTL.ZS,,,,,,,,,,,,,,,,,,,,,,,,,,,,,,,,9.58,9.66,9.78,11.1,12.48,13.82,12.68,14.31,12.84,10.87,9.07,10.04,10.38,10.66,10.91,9.39,8.51,8.18,8.43,8.45,8.4,8.38,8.35,8.24,7.58,7,6.6,6.52,6.46,7.82
Bermuda,BMU,"Unemployment, total (% of total labor force) (modeled ILO estimate)",SL.UEM.TOTL.ZS,,,,,,,,,,,,,,,,,,,,,,,,,,,,,,,,,,,,,,,,,,,,,,,,,,,,,,,,,,,,,
Bolivia,BOL,"Unemployment, total (% of total labor force) (modeled ILO estimate)",SL.UEM.TOTL.ZS,,,,,,,,,,,,,,,,,,,,,,,,,,,,,,,,2.74,2.79,2.87,2.89,2.89,2.89,2.88,2.88,2.91,2.89,2.88,2.91,2.9,2.87,2.82,2.72,2.64,2.6,2.86,2.55,2.22,2.05,2.39,2.01,3.07,3.5,3.66,3.52,3.46,5.61
Brazil,BRA,"Unemployment, total (% of total labor force) (modeled ILO estimate)",SL.UEM.TOTL.ZS,,,,,,,,,,,,,,,,,,,,,,,,,,,,,,,,6.37,6.42,6.03,6.24,6.42,7.25,8.16,9.42,10.21,9.9,9.61,9.37,9.99,9.11,9.57,8.64,8.33,7.34,8.52,7.73,6.92,7.19,6.98,6.66,8.43,11.6,12.82,12.33,11.93,13.67
Barbados,BRB,"Unemployment, total (% of total labor force) (modeled ILO estimate)",SL.UEM.TOTL.ZS,,,,,,,,,,,,,,,,,,,,,,,,,,,,,,,,22.97,22.94,24.54,22.98,19.66,14.71,14.61,12.4,10.61,9.35,9.85,10.32,11,9.57,9.08,8.73,7.41,8.12,10.02,10.69,11.19,11.59,11.55,12.17,11.35,9.72,9.86,10,10.1,12.79
Brunei Darussalam,BRN,"Unemployment, total (% of total labor force) (modeled ILO estimate)",SL.UEM.TOTL.ZS,,,,,,,,,,,,,,,,,,,,,,,,,,,,,,,,4.7,4.75,4.78,4.87,4.98,5.09,5.2,5.32,5.41,5.53,5.64,5.73,5.82,5.95,6.1,6.3,6.49,6.61,6.46,6.51,6.64,6.71,6.8,6.97,7.69,8.47,9.32,8.7,6.92,8.37
Bhutan,BTN,"Unemployment, total (% of total labor force) (modeled ILO estimate)",SL.UEM.TOTL.ZS,,,,,,,,,,,,,,,,,,,,,,,,,,,,,,,,1.34,1.36,1.39,1.4,1.4,1.4,1.4,1.4,1.4,1.64,1.9,1.86,1.8,2.49,3.1,3.13,3.7,3.68,3.96,3.32,3.23,2.05,2.87,2.63,2.45,2.42,2.36,2.3,2.27,3.74
Botswana,BWA,"Unemployment, total (% of total labor force) (modeled ILO estimate)",SL.UEM.TOTL.ZS,,,,,,,,,,,,,,,,,,,,,,,,,,,,,,,,13.82,16.09,18.61,21.2,21.39,21.59,21.22,20.86,18.34,15.88,18.54,21.13,23.8,21.76,19.77,17.78,17,16.35,16.17,17.86,17.85,17.86,17.88,17.78,17.71,17.62,17.46,17.32,17.21,17.7
Central African Republic,CAF,"Unemployment, total (% of total labor force) (modeled ILO estimate)",SL.UEM.TOTL.ZS,,,,,,,,,,,,,,,,,,,,,,,,,,,,,,,,4.29,4.35,4.44,4.47,4.47,4.47,4.46,4.46,4.5,4.47,4.45,4.49,4.49,4.44,4.38,4.27,4.17,4.12,4.34,4.38,4.38,4.38,4.39,4.34,4.3,4.25,4.17,4.09,4.04,4.33
Canada,CAN,"Unemployment, total (% of total labor force) (modeled ILO estimate)",SL.UEM.TOTL.ZS,,,,,,,,,,,,,,,,,,,,,,,,,,,,,,,,10.32,11.2,11.38,10.4,9.49,9.62,9.1,8.28,7.58,6.83,7.22,7.67,7.57,7.19,6.76,6.32,6.04,6.14,8.34,8.06,7.51,7.29,7.07,6.91,6.91,7,6.34,5.83,5.66,9.48
Switzerland,CHE,"Unemployment, total (% of total labor force) (modeled ILO estimate)",SL.UEM.TOTL.ZS,,,,,,,,,,,,,,,,,,,,,,,,,,,,,,,,1.78,2.81,3.72,3.88,3.33,3.71,4.2,3.6,3.15,2.67,2.49,2.92,4.12,4.32,4.44,4,3.65,3.35,4.12,4.8,4.4,4.49,4.75,4.83,4.8,4.92,4.8,4.71,4.39,4.94
Channel Islands,CHI,"Unemployment, total (% of total labor force) (modeled ILO estimate)",SL.UEM.TOTL.ZS,,,,,,,,,,,,,,,,,,,,,,,,,,,,,,,,5.63,5.59,5.53,5.56,5.61,5.67,5.73,5.78,5.81,5.88,5.94,5.96,5.99,6.07,6.16,6.31,6.45,6.5,6.29,6.28,6.35,6.37,6.41,6.51,6.62,6.74,6.87,7.01,7.11,8.16
Chile,CHL,"Unemployment, total (% of total labor force) (modeled ILO estimate)",SL.UEM.TOTL.ZS,,,,,,,,,,,,,,,,,,,,,,,,,,,,,,,,5.23,4.35,4.49,5.87,4.7,7.41,7.14,7.31,11.16,10.49,10.39,10.17,9.77,10.16,9.34,9.02,8.43,9.29,11.31,8.42,7.34,6.66,6.21,6.67,6.51,6.74,6.96,7.23,7.29,11.51
China,CHN,"Unemployment, total (% of total labor force) (modeled ILO estimate)",SL.UEM.TOTL.ZS,,,,,,,,,,,,,,,,,,,,,,,,,,,,,,,,2.4,2.4,2.7,2.9,3,3.1,3.2,3.2,3.3,3.3,3.8,4.2,4.6,4.5,4.5,4.4,4.3,4.6,4.7,4.5,4.5,4.6,4.6,4.6,4.6,4.5,4.4,4.3,4.6,5
Cote d'Ivoire,CIV,"Unemployment, total (% of total labor force) (modeled ILO estimate)",SL.UEM.TOTL.ZS,,,,,,,,,,,,,,,,,,,,,,,,,,,,,,,,6.62,6.7,5.84,4.95,4.1,4.1,4.1,4.1,4.33,4.52,4.71,4.96,5.18,5.36,5.51,5.61,5.71,5.88,6.41,6.71,6.96,7.22,4.25,3.65,3.1,2.6,3.27,3.21,3.17,3.5
Cameroon,CMR,"Unemployment, total (% of total labor force) (modeled ILO estimate)",SL.UEM.TOTL.ZS,,,,,,,,,,,,,,,,,,,,,,,,,,,,,,,,7.79,7.88,8.02,8.06,8.06,8.06,7.93,7.81,7.75,7.6,7.46,6.68,5.9,5.13,4.4,3.69,3.06,3.31,3.77,4.11,3.97,3.84,3.71,3.53,3.51,3.47,3.41,3.36,3.32,3.62
"Congo, Dem. Rep.",COD,"Unemployment, total (% of total labor force) (modeled ILO estimate)",SL.UEM.TOTL.ZS,,,,,,,,,,,,,,,,,,,,,,,,,,,,,,,,2.79,2.83,2.89,2.91,2.91,2.91,2.9,2.9,2.93,2.91,2.9,2.92,2.92,2.89,2.85,2.98,3.11,3.29,3.7,3.98,4.22,4.49,4.49,4.44,4.4,4.35,4.26,4.18,4.13,4.55
"Congo, Rep.",COG,"Unemployment, total (% of total labor force) (modeled ILO estimate)",SL.UEM.TOTL.ZS,,,,,,,,,,,,,,,,,,,,,,,,,,,,,,,,19.59,19.72,19.93,20,19.99,19.99,19.97,19.97,20.05,20,19.96,20.04,20.03,19.94,19.8,18.61,17.49,16.52,16.1,13.95,11.89,10,10.01,9.95,9.9,9.85,9.75,9.66,9.6,10.27
Colombia,COL,"Unemployment, total (% of total labor force) (modeled ILO estimate)",SL.UEM.TOTL.ZS,,,,,,,,,,,,,,,,,,,,,,,,,,,,,,,,10.12,9.44,7.8,8.25,8.72,11.81,12.14,15,20.06,20.52,15.04,15.63,14.19,13.72,11.87,11.53,11.2,11.27,12.07,10.98,10.11,9.74,9.05,8.57,8.3,8.69,8.87,9.11,9.96,15.44
Comoros,COM,"Unemployment, total (% of total labor force) (modeled ILO estimate)",SL.UEM.TOTL.ZS,,,,,,,,,,,,,,,,,,,,,,,,,,,,,,,,4.45,4.5,4.57,4.59,4.59,4.59,4.58,4.58,4.61,4.59,4.58,4.61,4.61,4.57,4.84,5.07,5.3,5.59,6.19,6.6,6.98,7.39,7.81,8.14,8.09,8.01,7.89,7.78,7.7,8.43
Cabo Verde,CPV,"Unemployment, total (% of total labor force) (modeled ILO estimate)",SL.UEM.TOTL.ZS,,,,,,,,,,,,,,,,,,,,,,,,,,,,,,,,10.55,10.62,10.75,10.79,10.78,10.78,10.77,10.77,10.82,10.79,10.76,10.81,10.81,10.75,10.67,10.51,10.37,10.31,10.62,10.67,10.93,11.21,11.49,11.69,11.9,12.1,12.24,12.17,12.07,13.41
Costa Rica,CRI,"Unemployment, total (% of total labor force) (modeled ILO estimate)",SL.UEM.TOTL.ZS,,,,,,,,,,,,,,,,,,,,,,,,,,,,,,,,5.37,3.93,3.95,4.05,5.18,6.16,5.68,5.33,5.9,5.08,5.92,6.33,6.56,6.39,6.57,5.74,4.49,4.78,7.71,7.17,10.14,9.78,8.77,9.06,9,8.6,8.14,9.63,11.49,17.08
Cuba,CUB,"Unemployment, total (% of total labor force) (modeled ILO estimate)",SL.UEM.TOTL.ZS,,,,,,,,,,,,,,,,,,,,,,,,,,,,,,,,7.94,8.04,8.22,8.28,8.27,7.61,7.1,6.23,6.26,5.45,4.08,3.31,2.33,1.85,1.95,1.91,1.79,1.58,1.67,2.5,3.18,3.46,3.29,2.7,2.4,2,1.7,1.7,1.67,3.87
Curacao,CUW,"Unemployment, total (% of total labor force) (modeled ILO estimate)",SL.UEM.TOTL.ZS,,,,,,,,,,,,,,,,,,,,,,,,,,,,,,,,,,,,,,,,,,,,,,,,,,,,,,,,,,,,,
Cayman Islands,CYM,"Unemployment, total (% of total labor force) (modeled ILO estimate)",SL.UEM.TOTL.ZS,,,,,,,,,,,,,,,,,,,,,,,,,,,,,,,,,,,,,,,,,,,,,,,,,,,,,,,,,,,,,
Cyprus,CYP,"Unemployment, total (% of total labor force) (modeled ILO estimate)",SL.UEM.TOTL.ZS,,,,,,,,,,,,,,,,,,,,,,,,,,,,,,,,2.09,2.09,2.46,2.89,3.36,3.89,4.46,5.07,5.7,4.97,3.98,3.3,4.14,4.33,5.3,4.54,3.92,3.66,5.36,6.26,7.86,11.8,15.87,16.09,14.91,12.95,11.05,8.37,7.07,7.21
Czech Republic,CZE,"Unemployment, total (% of total labor force) (modeled ILO estimate)",SL.UEM.TOTL.ZS,,,,,,,,,,,,,,,,,,,,,,,,,,,,,,,,2.27,3.22,4.32,4.3,4.02,3.89,4.27,5.9,8.49,8.76,7.99,7.02,7.54,8.21,7.93,7.15,5.32,4.39,6.66,7.28,6.71,6.98,6.95,6.11,5.05,3.95,2.89,2.24,2.01,2.94
Germany,DEU,"Unemployment, total (% of total labor force) (modeled ILO estimate)",SL.UEM.TOTL.ZS,,,,,,,,,,,,,,,,,,,,,,,,,,,,,,,,5.32,6.32,7.68,8.73,8.16,8.83,9.86,9.79,8.86,7.92,7.77,8.48,9.78,10.73,11.17,10.25,8.66,7.53,7.74,6.97,5.82,5.38,5.23,4.98,4.62,4.12,3.75,3.38,3.14,4.31
Djibouti,DJI,"Unemployment, total (% of total labor force) (modeled ILO estimate)",SL.UEM.TOTL.ZS,,,,,,,,,,,,,,,,,,,,,,,,,,,,,,,,11.38,11.47,11.61,11.66,11.65,11.66,11.64,11.64,11.7,11.66,11.63,11.69,11.69,11.62,11.52,11.34,11.17,11.1,11.46,11.52,11.51,11.52,11.54,11.45,11.39,11.31,11.18,11.06,10.97,11.57
Dominica,DMA,"Unemployment, total (% of total labor force) (modeled ILO estimate)",SL.UEM.TOTL.ZS,,,,,,,,,,,,,,,,,,,,,,,,,,,,,,,,,,,,,,,,,,,,,,,,,,,,,,,,,,,,,
Denmark,DNK,"Unemployment, total (% of total labor force) (modeled ILO estimate)",SL.UEM.TOTL.ZS,,,,,,,,,,,,,,,,,,,,,,,,,,,,,,,,9.1,9.03,10.72,8.04,6.99,6.84,5.4,5.04,5.14,4.48,4.16,4.27,5.4,5.2,4.83,3.9,3.8,3.68,6.41,7.75,7.77,7.8,7.38,6.93,6.28,5.99,5.83,5.13,5.02,5.66
Dominican Republic,DOM,"Unemployment, total (% of total labor force) (modeled ILO estimate)",SL.UEM.TOTL.ZS,,,,,,,,,,,,,,,,,,,,,,,,,,,,,,,,6.24,6.3,6.4,6.43,6.43,6.43,6.42,6.42,6.46,6.43,7.26,6.78,6.94,6.3,6.59,5.66,5.16,4.76,5.47,5.21,6.09,6.72,7.35,6.72,7.61,7.28,5.83,5.86,6.36,8.9
Algeria,DZA,"Unemployment, total (% of total labor force) (modeled ILO estimate)",SL.UEM.TOTL.ZS,,,,,,,,,,,,,,,,,,,,,,,,,,,,,,,,20.6,24.38,26.23,27.74,31.84,28.56,25.43,26.83,28.37,29.77,27.3,25.9,23.72,17.65,15.27,12.27,13.79,11.33,10.16,9.96,9.96,10.97,9.82,10.21,11.21,10.2,12,11.89,11.81,12.83
Ecuador,ECU,"Unemployment, total (% of total labor force) (modeled ILO estimate)",SL.UEM.TOTL.ZS,,,,,,,,,,,,,,,,,,,,,,,,,,,,,,,,4.62,4.68,4.77,4.8,4.8,4.8,4.79,4.79,4.82,4.8,4.25,4.95,5.66,5,3.78,3.55,3.14,3.92,4.61,4.09,3.46,3.24,3.08,3.48,3.62,4.6,3.84,3.53,3.81,6.23
"Egypt, Arab Rep.",EGY,"Unemployment, total (% of total labor force) (modeled ILO estimate)",SL.UEM.TOTL.ZS,,,,,,,,,,,,,,,,,,,,,,,,,,,,,,,,9.38,8.92,10.92,10.93,11.04,9,8.37,8.03,7.95,8.98,9.26,10.01,11.01,10.32,11.2,10.49,8.8,8.52,9.09,8.76,11.85,12.6,13.15,13.11,13.05,12.41,11.74,9.82,9.73,10.45
Eritrea,ERI,"Unemployment, total (% of total labor force) (modeled ILO estimate)",SL.UEM.TOTL.ZS,,,,,,,,,,,,,,,,,,,,,,,,,,,,,,,,6.65,6.72,6.83,6.87,6.87,6.87,6.86,6.86,6.9,6.87,6.85,6.89,6.89,6.84,6.76,6.62,6.5,6.44,6.72,6.76,6.76,6.77,6.78,6.71,6.66,6.6,6.5,6.41,6.34,7.44
Spain,ESP,"Unemployment, total (% of total labor force) (modeled ILO estimate)",SL.UEM.TOTL.ZS,,,,,,,,,,,,,,,,,,,,,,,,,,,,,,,,15.93,17.7,22.16,24.21,22.68,22.14,20.7,18.67,15.48,13.79,10.35,11.15,11.28,11.09,9.15,8.45,8.23,11.25,17.86,19.86,21.39,24.79,26.09,24.44,22.06,19.64,17.22,15.26,14.1,15.67
Estonia,EST,"Unemployment, total (% of total labor force) (modeled ILO estimate)",SL.UEM.TOTL.ZS,,,,,,,,,,,,,,,,,,,,,,,,,,,,,,,,1.47,3.68,6.54,7.56,9.66,9.92,10.37,9.51,11.57,13.36,13.13,10.03,11.29,10.25,8.03,5.92,4.59,5.46,13.55,16.71,12.33,10.02,8.63,7.35,6.19,6.76,5.76,5.37,4.45,6.46
Ethiopia,ETH,"Unemployment, total (% of total labor force) (modeled ILO estimate)",SL.UEM.TOTL.ZS,,,,,,,,,,,,,,,,,,,,,,,,,,,,,,,,2.96,3.01,3.08,3.1,3.21,3.33,3.44,3.56,3.71,3.49,3.28,3.11,2.92,2.71,2.5,2.39,2.29,2.24,2.35,2.34,2.3,2.28,2.25,2.22,2.2,2.17,2.12,2.07,2.04,2.79
Finland,FIN,"Unemployment, total (% of total labor force) (modeled ILO estimate)",SL.UEM.TOTL.ZS,,,,,,,,,,,,,,,,,,,,,,,,,,,,,,,,6.5,11.6,16.2,16.43,17.01,15.57,14.97,13.21,11.69,11.13,10.29,10.42,10.47,10.36,8.38,7.72,6.85,6.37,8.25,8.39,7.78,7.69,8.19,8.66,9.38,8.82,8.64,7.36,6.7,7.83
Fiji,FJI,"Unemployment, total (% of total labor force) (modeled ILO estimate)",SL.UEM.TOTL.ZS,,,,,,,,,,,,,,,,,,,,,,,,,,,,,,,,3.81,3.86,3.94,3.96,3.96,3.96,3.95,3.95,3.98,3.96,3.95,3.98,3.97,3.94,3.89,3.87,3.87,3.91,4.2,4.32,4.41,4.42,4.44,4.39,4.36,4.32,4.24,4.16,4.11,4.79
France,FRA,"Unemployment, total (% of total labor force) (modeled ILO estimate)",SL.UEM.TOTL.ZS,,,,,,,,,,,,,,,,,,,,,,,,,,,,,,,,9.13,10.21,11.32,12.59,11.84,12.37,12.57,12.08,11.98,10.22,8.61,8.7,8.31,8.91,8.49,8.45,7.66,7.06,8.74,8.87,8.81,9.4,9.92,10.29,10.35,10.04,9.41,9.02,8.44,8.62
Faroe Islands,FRO,"Unemployment, total (% of total labor force) (modeled ILO estimate)",SL.UEM.TOTL.ZS,,,,,,,,,,,,,,,,,,,,,,,,,,,,,,,,,,,,,,,,,,,,,,,,,,,,,,,,,,,,,
"Micronesia, Fed. Sts.",FSM,"Unemployment, total (% of total labor force) (modeled ILO estimate)",SL.UEM.TOTL.ZS,,,,,,,,,,,,,,,,,,,,,,,,,,,,,,,,,,,,,,,,,,,,,,,,,,,,,,,,,,,,,
Gabon,GAB,"Unemployment, total (% of total labor force) (modeled ILO estimate)",SL.UEM.TOTL.ZS,,,,,,,,,,,,,,,,,,,,,,,,,,,,,,,,17.51,17.61,17.78,17.77,17.7,17.64,17.56,17.49,17.49,17.39,17.29,17.29,17.22,17.08,16.91,17.37,17.84,18.44,19.59,20.39,20.38,20.4,20.41,20.3,20.22,20.11,19.93,19.77,19.64,20.47
United Kingdom,GBR,"Unemployment, total (% of total labor force) (modeled ILO estimate)",SL.UEM.TOTL.ZS,,,,,,,,,,,,,,,,,,,,,,,,,,,,,,,,8.55,9.78,10.35,9.65,8.69,8.19,7.07,6.2,6.04,5.56,4.7,5.04,4.81,4.59,4.75,5.35,5.26,5.62,7.54,7.79,8.04,7.89,7.52,6.11,5.3,4.81,4.33,4,3.74,4.34
Georgia,GEO,"Unemployment, total (% of total labor force) (modeled ILO estimate)",SL.UEM.TOTL.ZS,,,,,,,,,,,,,,,,,,,,,,,,,,,,,,,,2.7,5.4,5.4,8.4,7.6,11.5,11.5,14.53,13.8,10.82,11.16,12.59,11.51,12.62,13.81,13.57,13.28,17.87,20.71,20.2,19.63,19.65,19.42,17.44,16.51,16.6,13.94,12.67,11.57,12.05
Ghana,GHA,"Unemployment, total (% of total labor force) (modeled ILO estimate)",SL.UEM.TOTL.ZS,,,,,,,,,,,,,,,,,,,,,,,,,,,,,,,,4.66,4.7,5.28,5.84,6.39,6.97,7.57,8.2,10.1,10.36,9.26,8.3,7.34,6.4,5.5,4.64,4.69,4.79,5.14,5.32,5.62,5.93,6.26,6.52,6.81,5.45,4.22,4.16,4.12,4.53
Gibraltar,GIB,"Unemployment, total (% of total labor force) (modeled ILO estimate)",SL.UEM.TOTL.ZS,,,,,,,,,,,,,,,,,,,,,,,,,,,,,,,,,,,,,,,,,,,,,,,,,,,,,,,,,,,,,
Guinea,GIN,"Unemployment, total (% of total labor force) (modeled ILO estimate)",SL.UEM.TOTL.ZS,,,,,,,,,,,,,,,,,,,,,,,,,,,,,,,,4.37,4.42,4.5,4.53,4.53,4.53,4.52,4.52,4.55,4.53,4.52,4.55,4.55,4.51,4.45,4.35,4.25,4.21,4.42,4.45,4.45,4.45,4.46,4.41,4.38,4.33,4.26,4.19,4.14,4.35
"Gambia, The",GMB,"Unemployment, total (% of total labor force) (modeled ILO estimate)",SL.UEM.TOTL.ZS,,,,,,,,,,,,,,,,,,,,,,,,,,,,,,,,9.29,9.37,9.49,9.53,9.53,9.53,9.52,9.52,9.57,9.53,9.51,9.56,9.56,9.5,9.41,9.26,9.12,9.05,9.36,9.41,9.41,9.42,9.43,9.35,9.3,9.24,9.12,9.02,8.94,9.64
Guinea-Bissau,GNB,"Unemployment, total (% of total labor force) (modeled ILO estimate)",SL.UEM.TOTL.ZS,,,,,,,,,,,,,,,,,,,,,,,,,,,,,,,,3.01,3.05,3.13,3.16,3.15,3.16,3.15,3.15,3.18,3.16,3.14,3.17,3.17,3.13,3.08,2.98,2.9,2.86,3.05,3.08,3.08,3.08,3.09,3.04,3.01,2.97,2.9,2.84,2.79,3.16
Equatorial Guinea,GNQ,"Unemployment, total (% of total labor force) (modeled ILO estimate)",SL.UEM.TOTL.ZS,,,,,,,,,,,,,,,,,,,,,,,,,,,,,,,,8.3,8.38,8.5,8.54,8.54,8.54,8.53,8.53,8.57,8.54,8.52,8.57,8.56,8.51,8.42,8.26,8.12,8.06,8.37,8.42,8.42,8.43,8.44,8.36,8.31,8.24,8.13,8.03,7.95,9.15
Greece,GRC,"Unemployment, total (% of total labor force) (modeled ILO estimate)",SL.UEM.TOTL.ZS,,,,,,,,,,,,,,,,,,,,,,,,,,,,,,,,7.66,7.84,8.61,8.86,9.06,9.66,9.58,10.84,11.85,11.25,10.46,9.98,9.41,10.31,9.99,9.01,8.4,7.76,9.62,12.71,17.87,24.44,27.47,26.49,24.9,23.54,21.49,19.29,17.31,16.85
Grenada,GRD,"Unemployment, total (% of total labor force) (modeled ILO estimate)",SL.UEM.TOTL.ZS,,,,,,,,,,,,,,,,,,,,,,,,,,,,,,,,,,,,,,,,,,,,,,,,,,,,,,,,,,,,,
Greenland,GRL,"Unemployment, total (% of total labor force) (modeled ILO estimate)",SL.UEM.TOTL.ZS,,,,,,,,,,,,,,,,,,,,,,,,,,,,,,,,,,,,,,,,,,,,,,,,,,,,,,,,,,,,,
Guatemala,GTM,"Unemployment, total (% of total labor force) (modeled ILO estimate)",SL.UEM.TOTL.ZS,,,,,,,,,,,,,,,,,,,,,,,,,,,,,,,,2.67,2.71,2.77,2.8,2.79,2.79,2.79,2.79,2.81,2.8,2.78,2.81,2.81,2.97,3.02,3.02,3.03,3.08,3.36,3.5,3.12,2.77,3.02,2.72,2.51,2.58,2.46,2.41,2.36,4.65
Guam,GUM,"Unemployment, total (% of total labor force) (modeled ILO estimate)",SL.UEM.TOTL.ZS,,,,,,,,,,,,,,,,,,,,,,,,,,,,,,,,3.51,3.84,5.53,7.6,7.9,8.28,9.67,7.74,13.95,15.32,13.21,11.39,9.44,7.7,7,7.4,8.3,8.95,9.3,8.2,13.3,12.2,11.5,7.6,6.9,5.4,5.49,5.59,5.65,7.51
Guyana,GUY,"Unemployment, total (% of total labor force) (modeled ILO estimate)",SL.UEM.TOTL.ZS,,,,,,,,,,,,,,,,,,,,,,,,,,,,,,,,11.82,11.9,12.01,12.02,11.99,11.96,11.92,11.89,11.91,11.84,11.79,11.81,11.61,11.34,11.06,10.7,10.84,11.05,11.69,12.05,12.35,12.67,12.99,13.21,13.46,13.69,13.85,14.02,13.91,15.82
"Hong Kong SAR, China",HKG,"Unemployment, total (% of total labor force) (modeled ILO estimate)",SL.UEM.TOTL.ZS,,,,,,,,,,,,,,,,,,,,,,,,,,,,,,,,1.8,1.96,1.96,1.9,3.22,2.83,2.22,4.58,6.25,4.92,5.09,7.28,7.86,6.74,5.58,4.77,4.01,3.56,5.26,4.31,3.42,3.29,3.4,3.3,3.32,3.39,3.09,3.04,2.96,5.8
Honduras,HND,"Unemployment, total (% of total labor force) (modeled ILO estimate)",SL.UEM.TOTL.ZS,,,,,,,,,,,,,,,,,,,,,,,,,,,,,,,,4.58,3.06,3.15,3.21,3.24,4.37,3.32,4.02,3.85,3.92,4,4.02,5.3,5.99,4.91,3.58,3.21,3.16,3.29,4.12,4.48,3.75,5.65,7.08,6.15,6.73,5.53,5.65,5.57,9.39
Croatia,HRV,"Unemployment, total (% of total labor force) (modeled ILO estimate)",SL.UEM.TOTL.ZS,,,,,,,,,,,,,,,,,,,,,,,,,,,,,,,,11.14,10.8,10.43,10.16,9.92,9.68,9.71,11.39,13.56,16.06,15.82,15.05,13.92,13.66,12.6,11.13,9.91,8.53,9.2,11.62,13.68,15.94,17.25,17.29,16.18,13.1,11.21,8.43,6.62,7.2
Haiti,HTI,"Unemployment, total (% of total labor force) (modeled ILO estimate)",SL.UEM.TOTL.ZS,,,,,,,,,,,,,,,,,,,,,,,,,,,,,,,,7.02,7.07,7.15,7.18,7.18,7.18,7.17,7.17,7.2,8.22,9.31,10.54,11.8,13.06,14.33,15.54,16.8,16.06,15.9,15.34,14.7,14.1,14.12,14.02,13.95,13.86,13.72,13.58,13.48,14.5
Hungary,HUN,"Unemployment, total (% of total labor force) (modeled ILO estimate)",SL.UEM.TOTL.ZS,,,,,,,,,,,,,,,,,,,,,,,,,,,,,,,,9.95,9.94,12.1,10.85,10.17,10.02,8.99,8.93,6.93,6.56,5.67,5.61,5.79,5.83,7.19,7.49,7.41,7.82,10.03,11.17,11.03,11,10.18,7.73,6.81,5.12,4.16,3.71,3.42,4.35
Indonesia,IDN,"Unemployment, total (% of total labor force) (modeled ILO estimate)",SL.UEM.TOTL.ZS,,,,,,,,,,,,,,,,,,,,,,,,,,,,,,,,2.62,2.73,2.78,4.37,4.61,4.86,4.68,5.78,6.36,6.08,6.08,6.6,6.66,7.3,7.95,7.55,8.06,7.21,6.11,5.61,5.15,4.47,4.34,4.05,4.51,4.3,3.88,4.4,3.62,4.11
Isle of Man,IMN,"Unemployment, total (% of total labor force) (modeled ILO estimate)",SL.UEM.TOTL.ZS,,,,,,,,,,,,,,,,,,,,,,,,,,,,,,,,,,,,,,,,,,,,,,,,,,,,,,,,,,,,,
India,IND,"Unemployment, total (% of total labor force) (modeled ILO estimate)",SL.UEM.TOTL.ZS,,,,,,,,,,,,,,,,,,,,,,,,,,,,,,,,5.55,5.61,5.72,5.75,5.75,5.75,5.74,5.74,5.78,5.75,5.73,5.77,5.77,5.72,5.65,5.52,5.41,5.36,5.61,5.65,5.65,5.66,5.67,5.6,5.56,5.51,5.41,5.33,5.27,7.11
Ireland,IRL,"Unemployment, total (% of total labor force) (modeled ILO estimate)",SL.UEM.TOTL.ZS,,,,,,,,,,,,,,,,,,,,,,,,,,,,,,,,15.78,15.03,15.59,14.57,11.98,11.72,10.2,7.7,5.8,4.32,3.68,4.22,4.48,4.49,4.34,4.42,4.98,6.77,12.61,14.53,15.35,15.45,13.74,11.86,9.91,8.37,6.71,5.74,4.95,5.92
"Iran, Islamic Rep.",IRN,"Unemployment, total (% of total labor force) (modeled ILO estimate)",SL.UEM.TOTL.ZS,,,,,,,,,,,,,,,,,,,,,,,,,,,,,,,,11.1,10.72,10.39,9.98,9.53,9.1,9.66,10.24,10.89,11.48,12.09,12.8,11.54,10.3,12.1,11.2,10.6,10.48,11.97,13.52,12.45,12.63,10.44,10.57,11.06,12.43,12.1,12.06,11.14,10.96
Iraq,IRQ,"Unemployment, total (% of total labor force) (modeled ILO estimate)",SL.UEM.TOTL.ZS,,,,,,,,,,,,,,,,,,,,,,,,,,,,,,,,8.81,8.88,9,9.04,9.04,9.04,9.03,9.03,9.07,9.04,9.02,9.07,9.06,9.01,8.93,8.78,8.65,8.4,8.49,8.34,8.15,7.97,9.27,10.59,10.72,10.82,13.02,12.87,12.76,13.74
Iceland,ISL,"Unemployment, total (% of total labor force) (modeled ILO estimate)",SL.UEM.TOTL.ZS,,,,,,,,,,,,,,,,,,,,,,,,,,,,,,,,2.55,4.31,5.26,5.33,5.2,3.6,3.72,3.07,2.18,1.94,1.87,2.99,4,4.03,2.55,2.83,2.25,2.95,7.22,7.56,7.03,6,5.38,4.9,3.98,2.98,2.74,2.7,3.51,5.01
Israel,ISR,"Unemployment, total (% of total labor force) (modeled ILO estimate)",SL.UEM.TOTL.ZS,,,,,,,,,,,,,,,,,,,,,,,,,,,,,,,,13.39,14.08,12.74,9.93,8.78,8.46,9.75,10.75,11.18,11.1,11.81,12.89,13.51,13.03,11.34,10.71,9.38,7.7,9.53,8.48,7.14,6.86,6.21,5.89,5.25,4.8,4.22,4,3.8,4.61
Italy,ITA,"Unemployment, total (% of total labor force) (modeled ILO estimate)",SL.UEM.TOTL.ZS,,,,,,,,,,,,,,,,,,,,,,,,,,,,,,,,10.1,9.33,10.24,11.09,11.67,11.87,12,12.12,11.69,10.84,9.6,9.21,8.87,7.87,7.73,6.78,6.08,6.72,7.75,8.36,8.36,10.66,12.15,12.68,11.9,11.69,11.21,10.61,9.95,9.31
Jamaica,JAM,"Unemployment, total (% of total labor force) (modeled ILO estimate)",SL.UEM.TOTL.ZS,,,,,,,,,,,,,,,,,,,,,,,,,,,,,,,,15.74,15.75,16.32,15.34,16.23,16.01,16.35,15.5,15.74,15.54,14.93,14.19,11.74,11.44,11.26,10.33,9.75,10.33,11.36,12.37,12.7,13.93,15.25,13.74,13.51,13.19,11.63,9.1,7.72,8.4
Jordan,JOR,"Unemployment, total (% of total labor force) (modeled ILO estimate)",SL.UEM.TOTL.ZS,,,,,,,,,,,,,,,,,,,,,,,,,,,,,,,,19.36,19.49,19.7,17.09,14.6,13.7,13.69,13.69,13.74,13.7,14.7,15.3,14.5,14.67,14.8,14,13.1,12.7,12.9,12.5,12.9,12.2,12.6,11.9,13.08,15.28,15.78,16.29,16.85,18.5
Japan,JPN,"Unemployment, total (% of total labor force) (modeled ILO estimate)",SL.UEM.TOTL.ZS,,,,,,,,,,,,,,,,,,,,,,,,,,,,,,,,2.1,2.2,2.5,2.9,3.2,3.4,3.4,4.1,4.7,4.7,5,5.4,5.3,4.7,4.4,4.1,3.9,4,5.1,5.1,4.52,4.3,4,3.6,3.4,3.1,2.8,2.4,2.4,2.97
Kazakhstan,KAZ,"Unemployment, total (% of total labor force) (modeled ILO estimate)",SL.UEM.TOTL.ZS,,,,,,,,,,,,,,,,,,,,,,,,,,,,,,,,0.9,1,1.11,7.54,10.98,12.96,13.01,13.13,13.46,12.75,10.43,9.33,8.78,8.4,8.13,7.79,7.26,6.63,6.55,5.77,5.39,5.29,5.2,5.06,4.93,4.96,4.9,4.85,4.8,6.05
Kenya,KEN,"Unemployment, total (% of total labor force) (modeled ILO estimate)",SL.UEM.TOTL.ZS,,,,,,,,,,,,,,,,,,,,,,,,,,,,,,,,2.79,2.83,2.9,2.93,2.92,2.93,2.92,2.92,2.95,2.93,2.91,2.94,2.94,2.91,2.86,2.77,2.69,2.66,2.83,2.86,2.86,2.86,2.87,2.82,2.8,2.76,2.69,2.64,2.6,2.98
Kyrgyz Republic,KGZ,"Unemployment, total (% of total labor force) (modeled ILO estimate)",SL.UEM.TOTL.ZS,,,,,,,,,,,,,,,,,,,,,,,,,,,,,,,,1,1.1,3.4,4.7,5.6,7.3,7.5,8.9,8.4,7.54,7.84,12.55,9.92,8.53,8.11,8.27,8.1,8.22,8.41,8.64,8.53,8.43,8.33,8.05,7.56,7.21,6.89,6.79,6.72,7.89
Cambodia,KHM,"Unemployment, total (% of total labor force) (modeled ILO estimate)",SL.UEM.TOTL.ZS,,,,,,,,,,,,,,,,,,,,,,,,,,,,,,,,0.77,0.79,0.83,0.84,0.84,0.84,0.89,0.95,1.02,1.07,1.12,1.21,1.27,1.31,1.32,1.29,1.26,0.83,0.58,0.77,0.58,0.51,0.44,0.69,0.39,0.72,0.14,0.13,0.13,0.31
Kiribati,KIR,"Unemployment, total (% of total labor force) (modeled ILO estimate)",SL.UEM.TOTL.ZS,,,,,,,,,,,,,,,,,,,,,,,,,,,,,,,,,,,,,,,,,,,,,,,,,,,,,,,,,,,,,
St. Kitts and Nevis,KNA,"Unemployment, total (% of total labor force) (modeled ILO estimate)",SL.UEM.TOTL.ZS,,,,,,,,,,,,,,,,,,,,,,,,,,,,,,,,,,,,,,,,,,,,,,,,,,,,,,,,,,,,,
"Korea, Rep.",KOR,"Unemployment, total (% of total labor force) (modeled ILO estimate)",SL.UEM.TOTL.ZS,,,,,,,,,,,,,,,,,,,,,,,,,,,,,,,,2.41,2.51,2.88,2.48,2.06,2.05,2.61,6.96,6.34,4.4,4,3.3,3.6,3.7,3.7,3.5,3.2,3.2,3.6,3.7,3.4,3.2,3.1,3.5,3.55,3.65,3.65,3.82,3.75,4.07
Kuwait,KWT,"Unemployment, total (% of total labor force) (modeled ILO estimate)",SL.UEM.TOTL.ZS,,,,,,,,,,,,,,,,,,,,,,,,,,,,,,,,0.81,0.81,0.8,0.7,0.7,0.7,0.7,0.7,0.7,0.8,0.8,1.1,1.3,1.7,1.49,1.3,1.5,1.75,1.64,1.82,2.07,2.3,2.56,2.9,2.2,2.16,2.25,2.34,2.41,6.79
Lao PDR,LAO,"Unemployment, total (% of total labor force) (modeled ILO estimate)",SL.UEM.TOTL.ZS,,,,,,,,,,,,,,,,,,,,,,,,,,,,,,,,2.45,2.49,2.58,2.6,2.6,2.46,2.32,2.19,2.09,1.95,1.82,1.73,1.62,1.49,1.35,1.15,0.99,0.85,0.81,0.71,0.71,0.71,0.71,0.7,0.69,0.67,0.65,0.64,0.62,0.95
Lebanon,LBN,"Unemployment, total (% of total labor force) (modeled ILO estimate)",SL.UEM.TOTL.ZS,,,,,,,,,,,,,,,,,,,,,,,,,,,,,,,,8.4,8.47,8.59,8.63,8.63,8.63,8.62,8.51,8.45,8.31,8.18,8.12,8.01,7.85,8.27,8.62,8.98,7.45,6.36,6.4,6.39,6.4,6.41,6.35,6.31,6.26,6.18,6.1,6.04,6.61
Liberia,LBR,"Unemployment, total (% of total labor force) (modeled ILO estimate)",SL.UEM.TOTL.ZS,,,,,,,,,,,,,,,,,,,,,,,,,,,,,,,,2.21,2.24,2.3,2.32,2.32,2.32,2.31,2.31,2.34,2.32,2.31,2.33,2.33,2.3,2.27,2.19,2.13,2.11,2.24,2.27,2.24,2.21,2.19,2.13,2.08,3.08,3,2.94,2.89,3.3
Libya,LBY,"Unemployment, total (% of total labor force) (modeled ILO estimate)",SL.UEM.TOTL.ZS,,,,,,,,,,,,,,,,,,,,,,,,,,,,,,,,18.85,18.96,19.14,19.19,19.19,19.19,19.17,19.17,19.24,19.19,19.16,19.23,19.23,19.14,19.02,18.8,18.6,18.51,18.95,19.03,19.02,19.03,19.05,18.94,18.87,18.77,18.61,18.46,18.34,19.39
St. Lucia,LCA,"Unemployment, total (% of total labor force) (modeled ILO estimate)",SL.UEM.TOTL.ZS,,,,,,,,,,,,,,,,,,,,,,,,,,,,,,,,16.55,16.64,16.8,17,15.83,16.33,20.47,21.6,18.09,16.49,18.34,20.39,22.18,20.97,18.7,16,14,12.72,15.37,17.11,18.86,19.06,22.21,21.41,20.67,19.91,19.1,19.29,15.59,17.13
Liechtenstein,LIE,"Unemployment, total (% of total labor force) (modeled ILO estimate)",SL.UEM.TOTL.ZS,,,,,,,,,,,,,,,,,,,,,,,,,,,,,,,,,,,,,,,,,,,,,,,,,,,,,,,,,,,,,
Sri Lanka,LKA,"Unemployment, total (% of total labor force) (modeled ILO estimate)",SL.UEM.TOTL.ZS,,,,,,,,,,,,,,,,,,,,,,,,,,,,,,,,14.66,14.22,13.82,13.03,12.27,11.35,10.6,9.17,8.88,7.74,7.9,8.76,8.22,8.38,7.67,6.5,5.97,5.22,5.85,4.78,4.12,3.88,4.24,4.19,4.52,4.24,4.05,4.32,4.27,4.84
Lesotho,LSO,"Unemployment, total (% of total labor force) (modeled ILO estimate)",SL.UEM.TOTL.ZS,,,,,,,,,,,,,,,,,,,,,,,,,,,,,,,,37.44,37.61,37.88,37.97,37.96,37.96,37.94,37.03,36.23,35.27,34.35,33.58,32.72,31.77,30.78,29.69,28.65,27.76,27.5,26.81,26.04,25.3,24.58,24.47,24.4,24.3,24.13,23.98,23.86,24.65
Lithuania,LTU,"Unemployment, total (% of total labor force) (modeled ILO estimate)",SL.UEM.TOTL.ZS,,,,,,,,,,,,,,,,,,,,,,,,,,,,,,,,1.1,1.2,13.8,13.8,17.54,16.4,14.13,13.71,13.39,15.93,16.84,13.01,12.88,10.68,8.33,5.78,4.25,5.83,13.79,17.81,15.39,13.37,11.77,10.7,9.12,7.86,7.07,6.15,6.26,8.43
Luxembourg,LUX,"Unemployment, total (% of total labor force) (modeled ILO estimate)",SL.UEM.TOTL.ZS,,,,,,,,,,,,,,,,,,,,,,,,,,,,,,,,1.48,2.03,2.33,3.48,2.92,3.29,2.53,2.76,2.39,2.35,1.81,2.62,3.68,5.11,4.49,4.73,4.07,5.06,5.12,4.36,4.9,5.14,5.85,5.85,6.67,6.29,5.52,5.59,5.6,6.96
Latvia,LVA,"Unemployment, total (% of total labor force) (modeled ILO estimate)",SL.UEM.TOTL.ZS,,,,,,,,,,,,,,,,,,,,,,,,,,,,,,,,2.7,6.6,16.7,18.7,19,20.7,14.9,14.46,13.79,14.21,13.82,13.83,12.06,11.71,10.03,7.03,6.05,7.74,17.52,19.48,16.21,15.05,11.87,10.85,9.87,9.64,8.72,7.41,6.31,8.19
"Macao SAR, China",MAC,"Unemployment, total (% of total labor force) (modeled ILO estimate)",SL.UEM.TOTL.ZS,,,,,,,,,,,,,,,,,,,,,,,,,,,,,,,,3.01,2.2,2.1,2.5,3.6,4.2,3.2,4.6,6.3,6.8,6.4,6.3,6,4.9,4.1,3.8,3.2,3,3.58,2.84,2.56,1.97,1.82,1.7,1.81,1.9,2,1.8,1.7,2.5
St. Martin (French part),MAF,"Unemployment, total (% of total labor force) (modeled ILO estimate)",SL.UEM.TOTL.ZS,,,,,,,,,,,,,,,,,,,,,,,,,,,,,,,,,,,,,,,,,,,,,,,,,,,,,,,,,,,,,
Morocco,MAR,"Unemployment, total (% of total labor force) (modeled ILO estimate)",SL.UEM.TOTL.ZS,,,,,,,,,,,,,,,,,,,,,,,,,,,,,,,,13.57,13.67,13.84,13.9,13.89,13.89,13.88,13.88,13.94,13.58,12.46,11.59,11.92,10.83,11.01,9.67,9.56,9.57,8.96,9.09,8.91,8.99,9.23,9.7,9.46,9.3,9.19,9.08,9.01,10.15
Monaco,MCO,"Unemployment, total (% of total labor force) (modeled ILO estimate)",SL.UEM.TOTL.ZS,,,,,,,,,,,,,,,,,,,,,,,,,,,,,,,,,,,,,,,,,,,,,,,,,,,,,,,,,,,,,
Moldova,MDA,"Unemployment, total (% of total labor force) (modeled ILO estimate)",SL.UEM.TOTL.ZS,,,,,,,,,,,,,,,,,,,,,,,,,,,,,,,,1.9,3.7,3.7,5.8,5.3,7.9,7.9,10,11.14,8.46,7.29,6.8,7.95,8.17,7.29,7.38,5.07,3.98,6.4,7.45,6.68,5.58,5.1,3.86,3.69,4.19,4.1,4.11,5.1,4.71
Madagascar,MDG,"Unemployment, total (% of total labor force) (modeled ILO estimate)",SL.UEM.TOTL.ZS,,,,,,,,,,,,,,,,,,,,,,,,,,,,,,,,5.56,5.63,5.76,5.8,5.8,5.8,5.79,5.79,5.83,5.8,5.35,5.2,5.01,3.72,2.62,2.84,3.06,3.34,3.88,4.28,2.02,0.6,0.94,1.33,1.79,1.76,1.73,1.69,1.67,1.92
Maldives,MDV,"Unemployment, total (% of total labor force) (modeled ILO estimate)",SL.UEM.TOTL.ZS,,,,,,,,,,,,,,,,,,,,,,,,,,,,,,,,0.76,0.77,0.79,0.79,0.79,0.98,1.2,1.43,1.7,1.97,2.66,3.48,4.39,5.36,6.38,7.39,8.47,9.71,11.7,10.28,8.86,7.57,6.37,5.21,5.67,6.12,6,5.9,5.82,7.18
Mexico,MEX,"Unemployment, total (% of total labor force) (modeled ILO estimate)",SL.UEM.TOTL.ZS,,,,,,,,,,,,,,,,,,,,,,,,,,,,,,,,3.15,3.24,3.37,4.44,7.1,5.47,4.24,3.73,2.6,2.65,2.63,3,3.46,3.94,3.56,3.57,3.63,3.87,5.36,5.3,5.17,4.89,4.91,4.81,4.31,3.86,3.42,3.28,3.48,4.71
Marshall Islands,MHL,"Unemployment, total (% of total labor force) (modeled ILO estimate)",SL.UEM.TOTL.ZS,,,,,,,,,,,,,,,,,,,,,,,,,,,,,,,,,,,,,,,,,,,,,,,,,,,,,,,,,,,,,
North Macedonia,MKD,"Unemployment, total (% of total labor force) (modeled ILO estimate)",SL.UEM.TOTL.ZS,,,,,,,,,,,,,,,,,,,,,,,,,,,,,,,,35.53,35.68,35.95,36.03,36.02,36.02,36,34.5,32.4,32.2,30.52,31.94,36.69,37.16,37.25,36.03,34.93,33.76,32.18,32.02,31.38,31.02,29,28.03,26.07,23.72,22.38,20.74,17.26,18.4
Mali,MLI,"Unemployment, total (% of total labor force) (modeled ILO estimate)",SL.UEM.TOTL.ZS,,,,,,,,,,,,,,,,,,,,,,,,,,,,,,,,3.21,3.24,3.29,3.31,3.3,3.3,3.3,3.92,4.62,5.33,6.1,6.97,7.86,8.75,9.76,10.72,11.71,10.23,9.28,8.07,6.9,6.62,6.35,6.38,7.73,7.6,7.41,7.31,7.24,7.5
Malta,MLT,"Unemployment, total (% of total labor force) (modeled ILO estimate)",SL.UEM.TOTL.ZS,,,,,,,,,,,,,,,,,,,,,,,,,,,,,,,,5.89,5.87,5.83,5.88,5.95,6.03,6.11,6.19,6.24,6.32,7.11,6.9,7.49,7.32,6.92,6.8,6.47,5.98,6.89,6.85,6.38,6.2,6.11,5.73,5.38,4.69,4,3.66,3.4,4.09
Myanmar,MMR,"Unemployment, total (% of total labor force) (modeled ILO estimate)",SL.UEM.TOTL.ZS,,,,,,,,,,,,,,,,,,,,,,,,,,,,,,,,0.76,0.78,0.81,0.82,0.82,0.82,0.82,0.82,0.83,0.82,0.82,0.83,0.83,0.82,0.79,0.75,0.72,0.71,0.78,0.79,0.79,0.79,0.8,0.78,0.77,1.14,1.56,0.87,0.5,1.79
Montenegro,MNE,"Unemployment, total (% of total labor force) (modeled ILO estimate)",SL.UEM.TOTL.ZS,,,,,,,,,,,,,,,,,,,,,,,,,,,,,,,,30.04,30.21,30.49,30.58,30.57,30.57,30.55,30.55,30.65,30.58,30.53,30.64,30.63,30.5,30.31,24.51,19.4,17.15,19.09,19.65,19.67,19.97,19.5,18,17.54,17.72,16.07,15.18,15.12,15.86
Mongolia,MNG,"Unemployment, total (% of total labor force) (modeled ILO estimate)",SL.UEM.TOTL.ZS,,,,,,,,,,,,,,,,,,,,,,,,,,,,,,,,5.99,6.05,6.15,6.18,6.18,6.18,6.17,6.17,6.21,6.18,6.16,6.2,6.8,6.96,7.09,7.14,7.2,5.57,5.86,6.55,4.77,3.91,4.23,4.8,4.86,7.24,6.36,5.38,5.31,4.33
Northern Mariana Islands,MNP,"Unemployment, total (% of total labor force) (modeled ILO estimate)",SL.UEM.TOTL.ZS,,,,,,,,,,,,,,,,,,,,,,,,,,,,,,,,,,,,,,,,,,,,,,,,,,,,,,,,,,,,,
Mozambique,MOZ,"Unemployment, total (% of total labor force) (modeled ILO estimate)",SL.UEM.TOTL.ZS,,,,,,,,,,,,,,,,,,,,,,,,,,,,,,,,2.59,2.63,2.69,2.71,2.71,2.71,2.7,2.75,2.82,2.85,2.88,2.95,3,3.01,3.01,2.97,2.94,2.95,3.17,3.25,3.3,3.35,3.41,3.41,3.43,3.38,3.31,3.24,3.19,3.39
Mauritania,MRT,"Unemployment, total (% of total labor force) (modeled ILO estimate)",SL.UEM.TOTL.ZS,,,,,,,,,,,,,,,,,,,,,,,,,,,,,,,,9.74,9.81,9.94,9.98,9.97,9.98,9.96,9.96,10.01,9.98,9.96,10,10,9.94,9.86,9.7,9.57,9.51,9.81,9.86,9.86,9.87,10.04,10.12,10.22,10.31,10.34,10.22,10.13,10.66
Mauritius,MUS,"Unemployment, total (% of total labor force) (modeled ILO estimate)",SL.UEM.TOTL.ZS,,,,,,,,,,,,,,,,,,,,,,,,,,,,,,,,9.34,9.42,9.55,9.6,9.59,9.52,9.44,9.36,9.34,9.24,9.14,8.21,8.3,8.34,9.52,9.04,8.48,7.17,7.26,7.65,7.45,7.47,7.32,7.47,7.41,6.81,6.75,6.43,6.36,7.11
Malawi,MWI,"Unemployment, total (% of total labor force) (modeled ILO estimate)",SL.UEM.TOTL.ZS,,,,,,,,,,,,,,,,,,,,,,,,,,,,,,,,5.84,5.9,6,6.03,6.03,6.03,6.02,6.02,6.06,6.03,6.01,6.05,6.05,6,5.93,5.81,5.7,5.65,5.89,5.94,5.93,5.94,5.95,5.89,5.85,5.79,5.7,5.62,5.56,5.99
Malaysia,MYS,"Unemployment, total (% of total labor force) (modeled ILO estimate)",SL.UEM.TOTL.ZS,,,,,,,,,,,,,,,,,,,,,,,,,,,,,,,,3.66,3.71,4.11,3.63,3.15,2.52,2.45,3.2,3.43,3,3.53,3.48,3.61,3.54,3.53,3.32,3.23,3.34,3.69,3.25,3.05,3.04,3.11,2.88,3.1,3.44,3.41,3.3,3.31,4.55
Namibia,NAM,"Unemployment, total (% of total labor force) (modeled ILO estimate)",SL.UEM.TOTL.ZS,,,,,,,,,,,,,,,,,,,,,,,,,,,,,,,,19.14,19.22,19.37,19.4,21.02,22.71,24.45,23.02,21.7,20.3,20.72,21.25,21.71,22.09,21.98,21.76,21.56,21.48,21.99,22.1,19.33,16.77,19.03,18.52,20.89,23.35,21.57,19.88,19.75,20.35
New Caledonia,NCL,"Unemployment, total (% of total labor force) (modeled ILO estimate)",SL.UEM.TOTL.ZS,,,,,,,,,,,,,,,,,,,,,,,,,,,,,,,,18.38,18.35,18.28,18.37,18.5,18.64,18.38,18.1,17.78,17.51,17.24,16.89,16.57,16.31,15.92,15.59,15.26,14.79,13.97,14.03,14.18,14.27,14.38,14.59,14.75,14.92,15.11,15.31,15.45,16.52
Niger,NER,"Unemployment, total (% of total labor force) (modeled ILO estimate)",SL.UEM.TOTL.ZS,,,,,,,,,,,,,,,,,,,,,,,,,,,,,,,,1.39,1.41,1.46,1.48,1.48,1.48,1.47,1.47,1.49,1.48,1.47,1.86,2.28,2.69,3.1,2.33,1.7,1.22,0.91,0.58,0.32,2.18,1.22,0.52,0.52,0.51,0.49,0.47,0.46,0.69
Nigeria,NGA,"Unemployment, total (% of total labor force) (modeled ILO estimate)",SL.UEM.TOTL.ZS,,,,,,,,,,,,,,,,,,,,,,,,,,,,,,,,3.71,3.75,3.81,3.83,3.83,3.83,3.83,3.83,3.85,3.83,3.82,3.85,3.84,3.81,3.77,3.69,3.62,3.59,3.75,3.77,3.77,3.74,3.7,4.56,4.31,7.06,8.39,8.45,8.53,9.01
Nicaragua,NIC,"Unemployment, total (% of total labor force) (modeled ILO estimate)",SL.UEM.TOTL.ZS,,,,,,,,,,,,,,,,,,,,,,,,,,,,,,,,7.34,7.41,7.54,7.58,7.57,7.57,7.56,7.56,7.61,7.58,7.55,7.6,7.6,6.41,5.37,5.31,4.89,6.2,8.16,7.83,6.45,5.21,5.28,4.52,4.7,3.9,3.3,5.2,5.14,5.82
Netherlands,NLD,"Unemployment, total (% of total labor force) (modeled ILO estimate)",SL.UEM.TOTL.ZS,,,,,,,,,,,,,,,,,,,,,,,,,,,,,,,,7.28,5.56,6.29,7.16,7.16,6.42,5.51,4.39,3.62,2.73,2.12,2.55,3.59,4.65,5.87,5,4.15,3.65,4.35,4.99,4.98,5.82,7.24,7.42,6.87,6.01,4.84,3.83,3.38,4.09
Norway,NOR,"Unemployment, total (% of total labor force) (modeled ILO estimate)",SL.UEM.TOTL.ZS,,,,,,,,,,,,,,,,,,,,,,,,,,,,,,,,5.41,5.91,5.97,5.35,6.31,5.04,4.69,3.74,3.25,3.46,3.74,4.02,4.22,4.26,4.38,3.4,2.49,2.55,3.1,3.52,3.22,3.12,3.42,3.48,4.3,4.68,4.16,3.8,3.69,4.62
Nepal,NPL,"Unemployment, total (% of total labor force) (modeled ILO estimate)",SL.UEM.TOTL.ZS,,,,,,,,,,,,,,,,,,,,,,,,,,,,,,,,1.75,1.78,1.82,1.84,1.84,1.84,1.83,1.83,1.85,1.8,1.75,1.73,1.69,1.63,1.56,1.47,1.38,1.33,1.64,1.88,2.11,2.36,2.63,2.85,3.1,3.05,2.97,2.9,2.85,4.44
Nauru,NRU,"Unemployment, total (% of total labor force) (modeled ILO estimate)",SL.UEM.TOTL.ZS,,,,,,,,,,,,,,,,,,,,,,,,,,,,,,,,,,,,,,,,,,,,,,,,,,,,,,,,,,,,,
New Zealand,NZL,"Unemployment, total (% of total labor force) (modeled ILO estimate)",SL.UEM.TOTL.ZS,,,,,,,,,,,,,,,,,,,,,,,,,,,,,,,,10.61,10.67,9.8,8.35,6.46,6.29,6.86,7.72,7.02,6.13,5.43,5.28,4.75,4.01,3.81,3.86,3.66,4.17,6.12,6.56,6.49,6.93,5.77,5.37,5.35,5.08,4.7,4.3,4.07,4.55
Oman,OMN,"Unemployment, total (% of total labor force) (modeled ILO estimate)",SL.UEM.TOTL.ZS,,,,,,,,,,,,,,,,,,,,,,,,,,,,,,,,3.19,3.16,3.12,3.16,3.21,3.26,3.33,3.39,3.42,3.49,3.55,3.59,3.63,3.71,3.8,3.94,4.08,4.14,3.84,3.71,3.64,3.52,3.42,3.37,3.32,3.27,2.49,1.8,1.84,4.97
Pakistan,PAK,"Unemployment, total (% of total labor force) (modeled ILO estimate)",SL.UEM.TOTL.ZS,,,,,,,,,,,,,,,,,,,,,,,,,,,,,,,,0.59,0.6,0.62,0.63,0.63,0.63,0.63,0.63,0.64,0.63,0.63,0.64,0.64,0.63,0.61,0.58,0.4,0.42,0.54,0.65,0.8,1.7,2.95,1.83,3.57,3.78,3.94,4.08,3.98,4.65
Panama,PAN,"Unemployment, total (% of total labor force) (modeled ILO estimate)",SL.UEM.TOTL.ZS,,,,,,,,,,,,,,,,,,,,,,,,,,,,,,,,3.63,3.68,3.76,3.79,3.79,3.79,3.78,3.78,3.81,3.79,3.78,3.81,3.81,3.77,3.71,3.61,3.52,3.48,3.68,3.71,2.31,2.39,2.3,2.72,3,3.32,3.9,3.89,4.74,10.23
Peru,PER,"Unemployment, total (% of total labor force) (modeled ILO estimate)",SL.UEM.TOTL.ZS,,,,,,,,,,,,,,,,,,,,,,,,,,,,,,,,5.56,5.63,5.74,5.78,5.77,5.77,5.76,5.76,5.81,5.78,5.76,5.8,4.79,4.9,4.86,4.26,3.92,3.82,3.73,3.3,3.27,2.94,3.21,2.85,2.92,3.38,3.35,3.18,3.03,6.24
Philippines,PHL,"Unemployment, total (% of total labor force) (modeled ILO estimate)",SL.UEM.TOTL.ZS,,,,,,,,,,,,,,,,,,,,,,,,,,,,,,,,3.56,3.61,3.69,3.71,3.71,3.71,3.7,3.7,3.73,3.71,3.7,3.63,3.53,3.55,3.8,4.05,3.43,3.72,3.86,3.61,3.59,3.5,3.5,3.6,3.07,2.69,2.55,2.34,2.24,3.36
Palau,PLW,"Unemployment, total (% of total labor force) (modeled ILO estimate)",SL.UEM.TOTL.ZS,,,,,,,,,,,,,,,,,,,,,,,,,,,,,,,,,,,,,,,,,,,,,,,,,,,,,,,,,,,,,
Papua New Guinea,PNG,"Unemployment, total (% of total labor force) (modeled ILO estimate)",SL.UEM.TOTL.ZS,,,,,,,,,,,,,,,,,,,,,,,,,,,,,,,,2.78,2.82,2.9,2.92,2.92,2.92,2.91,2.91,2.94,2.92,2.81,2.75,2.66,2.54,2.41,2.25,2.11,2,2.06,2,2.62,2.63,2.63,2.59,2.56,2.53,2.47,2.41,2.37,2.74
Poland,POL,"Unemployment, total (% of total labor force) (modeled ILO estimate)",SL.UEM.TOTL.ZS,,,,,,,,,,,,,,,,,,,,,,,,,,,,,,,,13.66,13.65,14.39,14.83,13.7,12.68,10.96,9.94,12.29,16.31,18.37,19.9,19.37,19.07,17.75,13.84,9.6,7.12,8.17,9.64,9.63,10.09,10.33,8.99,7.5,6.16,4.89,3.85,3.28,3.55
Puerto Rico,PRI,"Unemployment, total (% of total labor force) (modeled ILO estimate)",SL.UEM.TOTL.ZS,,,,,,,,,,,,,,,,,,,,,,,,,,,,,,,,16.18,16.93,16.91,14.6,13.93,13.64,13.8,13.46,11.81,10.08,11.4,11.94,11.78,10.31,11.35,11.01,10.93,11.48,15,16.1,15.7,14.5,14.3,13.9,12,11.8,10.8,9.2,8.3,11.17
"Korea, Dem. People's Rep.",PRK,"Unemployment, total (% of total labor force) (modeled ILO estimate)",SL.UEM.TOTL.ZS,,,,,,,,,,,,,,,,,,,,,,,,,,,,,,,,2.83,2.87,2.95,2.97,2.97,2.97,2.96,2.96,2.99,2.97,2.96,2.99,2.99,2.95,2.9,2.8,2.72,2.69,2.87,2.9,2.9,2.9,2.91,2.86,2.83,2.79,2.72,2.66,2.62,2.81
Portugal,PRT,"Unemployment, total (% of total labor force) (modeled ILO estimate)",SL.UEM.TOTL.ZS,,,,,,,,,,,,,,,,,,,,,,,,,,,,,,,,3.92,3.99,5.3,6.71,7.06,7.3,6.57,4.65,4.58,3.81,3.83,4.5,6.13,6.32,7.58,7.65,7.96,7.55,9.43,10.77,12.68,15.53,16.18,13.89,12.44,11.07,8.87,6.99,6.46,7.2
Paraguay,PRY,"Unemployment, total (% of total labor force) (modeled ILO estimate)",SL.UEM.TOTL.ZS,,,,,,,,,,,,,,,,,,,,,,,,,,,,,,,,9.06,9.16,9.31,9.36,9.36,9.36,9.34,9.34,9.4,9.36,9.33,9.39,6.81,6.51,4.83,5.28,4.71,4.42,5.46,4.57,4.67,4.09,4.39,5.03,4.56,5.26,4.62,5.56,6.6,7.61
West Bank and Gaza,PSE,"Unemployment, total (% of total labor force) (modeled ILO estimate)",SL.UEM.TOTL.ZS,,,,,,,,,,,,,,,,,,,,,,,,,,,,,,,,10.45,10.5,10.6,10.62,10.62,10.62,10.61,10.61,10.65,10.63,21.49,27.47,23,23.22,20.02,19.01,18.28,22.91,20.45,21.42,17.6,19.2,19.89,20.53,23.01,23.94,25.68,26.26,25.34,27.35
French Polynesia,PYF,"Unemployment, total (% of total labor force) (modeled ILO estimate)",SL.UEM.TOTL.ZS,,,,,,,,,,,,,,,,,,,,,,,,,,,,,,,,11.07,11.03,10.97,11.03,11.11,11.21,11.31,11.41,11.46,11.57,11.67,11.71,11.64,11.62,11.62,11.69,11.74,11.82,11.57,11.58,11.67,11.71,11.77,11.92,12.06,12.23,12.4,12.59,12.72,13.81
Qatar,QAT,"Unemployment, total (% of total labor force) (modeled ILO estimate)",SL.UEM.TOTL.ZS,,,,,,,,,,,,,,,,,,,,,,,,,,,,,,,,0.56,0.51,0.46,0.46,0.46,0.48,0.5,0.52,0.53,0.57,0.6,0.62,0.65,0.71,0.77,0.87,0.52,0.31,0.31,0.45,0.56,0.48,0.28,0.2,0.17,0.15,0.14,0.11,0.12,3.45
Romania,ROU,"Unemployment, total (% of total labor force) (modeled ILO estimate)",SL.UEM.TOTL.ZS,,,,,,,,,,,,,,,,,,,,,,,,,,,,,,,,8.18,8.26,8.26,8.17,8.01,6.74,5.51,5.63,6.24,6.97,6.56,8.11,6.95,7.72,7.17,7.27,6.41,5.79,6.86,6.96,7.18,6.79,7.1,6.8,6.81,5.9,4.93,4.19,3.91,4.84
Russian Federation,RUS,"Unemployment, total (% of total labor force) (modeled ILO estimate)",SL.UEM.TOTL.ZS,,,,,,,,,,,,,,,,,,,,,,,,,,,,,,,,5.13,5.18,5.88,8.13,9.45,9.67,11.81,13.26,13.04,10.58,8.98,7.88,8.21,7.76,7.12,7.06,6,6.21,8.3,7.37,6.54,5.44,5.46,5.16,5.57,5.56,5.21,4.85,4.6,5.73
Rwanda,RWA,"Unemployment, total (% of total labor force) (modeled ILO estimate)",SL.UEM.TOTL.ZS,,,,,,,,,,,,,,,,,,,,,,,,,,,,,,,,0.3,0.35,0.41,0.46,0.51,0.56,0.61,0.66,0.72,0.77,0.82,0.89,0.92,0.93,0.93,0.9,0.88,0.88,1.02,1.07,1.1,1.14,1.18,1.17,1.14,1.11,1.06,1.02,0.99,1.35
Saudi Arabia,SAU,"Unemployment, total (% of total labor force) (modeled ILO estimate)",SL.UEM.TOTL.ZS,,,,,,,,,,,,,,,,,,,,,,,,,,,,,,,,7.21,7.2,6.67,6.25,5.86,5.48,5.1,4.73,4.35,4.57,4.62,5.27,5.56,5.82,6.05,6.25,5.73,5.08,5.38,5.55,5.77,5.52,5.57,5.72,5.59,5.65,5.89,6.04,6.13,8.22
Sudan,SDN,"Unemployment, total (% of total labor force) (modeled ILO estimate)",SL.UEM.TOTL.ZS,,,,,,,,,,,,,,,,,,,,,,,,,,,,,,,,15.12,15.22,15.39,15.44,15.44,15.44,15.43,15.43,15.49,15.45,15.41,15.48,15.48,15.4,15.28,15.07,14.88,14.8,13,15.17,17.44,17.45,17.47,17.36,17.29,17.19,17.02,16.87,16.76,17.71
Senegal,SEN,"Unemployment, total (% of total labor force) (modeled ILO estimate)",SL.UEM.TOTL.ZS,,,,,,,,,,,,,,,,,,,,,,,,,,,,,,,,5.49,5.53,5.61,5.63,5.63,5.63,5.63,5.63,5.66,5.64,5.62,5.65,6.7,7.79,8.92,10.03,9.89,9.85,10.25,10.34,10.36,9.42,8.53,7.61,6.76,6.7,6.61,6.53,6.47,7.1
Singapore,SGP,"Unemployment, total (% of total labor force) (modeled ILO estimate)",SL.UEM.TOTL.ZS,,,,,,,,,,,,,,,,,,,,,,,,,,,,,,,,2.18,3.09,3.07,3.03,3.3,3.57,2.5,3.41,4.85,3.7,3.76,5.65,5.93,5.84,5.59,4.48,3.9,3.96,5.86,4.12,3.89,3.72,3.86,3.74,3.79,4.08,4.2,3.65,3.1,5.19
Solomon Islands,SLB,"Unemployment, total (% of total labor force) (modeled ILO estimate)",SL.UEM.TOTL.ZS,,,,,,,,,,,,,,,,,,,,,,,,,,,,,,,,1.98,2.02,2.1,2.13,2.12,2.12,2.12,2.12,2.15,2.13,2.11,2.14,2.14,2.1,2.05,1.96,1.88,1.85,2.02,1.64,1.28,0.96,0.69,0.68,0.67,0.66,0.64,0.62,0.6,0.79
Sierra Leone,SLE,"Unemployment, total (% of total labor force) (modeled ILO estimate)",SL.UEM.TOTL.ZS,,,,,,,,,,,,,,,,,,,,,,,,,,,,,,,,3.31,3.35,3.42,3.44,3.44,3.44,3.43,3.43,3.46,3.44,3.43,3.45,3.45,3.42,3.5,3.54,3.58,3.67,3.99,4.16,4.29,4.44,4.59,4.68,4.64,4.59,4.5,4.42,4.36,4.6
El Salvador,SLV,"Unemployment, total (% of total labor force) (modeled ILO estimate)",SL.UEM.TOTL.ZS,,,,,,,,,,,,,,,,,,,,,,,,,,,,,,,,7.53,7.88,9.94,7.68,7.65,7.68,7.98,7.1,6.68,6.96,6.96,5.73,6.26,6.05,7.22,6.57,6.41,5.88,7.33,4.89,4.3,3.84,3.69,4.15,4,4.42,4.39,4.01,3.96,6.98
San Marino,SMR,"Unemployment, total (% of total labor force) (modeled ILO estimate)",SL.UEM.TOTL.ZS,,,,,,,,,,,,,,,,,,,,,,,,,,,,,,,,,,,,,,,,,,,,,,,,,,,,,,,,,,,,,
Somalia,SOM,"Unemployment, total (% of total labor force) (modeled ILO estimate)",SL.UEM.TOTL.ZS,,,,,,,,,,,,,,,,,,,,,,,,,,,,,,,,13.24,13.33,13.49,13.54,13.53,13.53,13.52,13.52,13.58,13.54,13.51,13.57,13.57,13.49,13.39,13.19,13.02,12.94,13.32,13.39,13.38,13.39,13.41,13.32,13.25,13.17,13.02,12.89,12.79,13.1
Serbia,SRB,"Unemployment, total (% of total labor force) (modeled ILO estimate)",SL.UEM.TOTL.ZS,,,,,,,,,,,,,,,,,,,,,,,,,,,,,,,,13.15,13.23,13.36,13.41,13.4,13.2,13.8,13.7,13.7,12.6,12.8,13.8,15.2,18.5,20.85,20.85,18.06,13.71,16.14,19.22,22.97,24,22.15,19.22,17.66,15.26,13.48,12.73,10.4,9.08
South Sudan,SSD,"Unemployment, total (% of total labor force) (modeled ILO estimate)",SL.UEM.TOTL.ZS,,,,,,,,,,,,,,,,,,,,,,,,,,,,,,,,12.43,12.52,12.68,12.72,12.72,12.72,12.71,12.71,12.76,12.72,12.7,12.75,12.75,12.68,12.58,12.39,12.22,12.15,12.52,12.58,12.57,12.59,12.6,12.51,12.45,12.37,12.23,12.1,12.01,12.66
Sao Tome and Principe,STP,"Unemployment, total (% of total labor force) (modeled ILO estimate)",SL.UEM.TOTL.ZS,,,,,,,,,,,,,,,,,,,,,,,,,,,,,,,,14.12,14.21,14.35,14.4,14.39,14.4,14.38,14.38,14.44,14.4,15.73,17.63,16.36,16.12,16.47,16.65,15.89,15.26,15.12,14.64,14.1,13.59,13.6,13.52,13.46,13.39,13.26,13.14,13.05,13.86
Suriname,SUR,"Unemployment, total (% of total labor force) (modeled ILO estimate)",SL.UEM.TOTL.ZS,,,,,,,,,,,,,,,,,,,,,,,,,,,,,,,,17.14,17.28,15.64,12.7,8.39,10.88,10.56,10.63,13.6,12.69,11.83,11.08,10.3,9.49,9.28,9,8.74,8.56,8.72,7.15,7.54,8.1,6.6,6.94,7.22,7.17,7.08,7,6.94,8.65
Slovak Republic,SVK,"Unemployment, total (% of total labor force) (modeled ILO estimate)",SL.UEM.TOTL.ZS,,,,,,,,,,,,,,,,,,,,,,,,,,,,,,,,12.27,12.25,12.2,13.65,13.11,11.34,11.89,12.19,15.95,19.06,19.38,18.72,17.12,18.6,16.26,13.37,11.14,9.51,12.03,14.38,13.62,13.96,14.22,13.18,11.48,9.67,8.13,6.54,5.75,6.79
Slovenia,SVN,"Unemployment, total (% of total labor force) (modeled ILO estimate)",SL.UEM.TOTL.ZS,,,,,,,,,,,,,,,,,,,,,,,,,,,,,,,,7.08,7.8,8.51,8.24,7.15,6.91,6.65,7.39,7.32,6.92,5.68,5.92,6.48,6.01,6.51,5.95,4.82,4.37,5.86,7.24,8.17,8.84,10.1,9.67,8.96,8,6.56,5.11,4.45,5.17
Sweden,SWE,"Unemployment, total (% of total labor force) (modeled ILO estimate)",SL.UEM.TOTL.ZS,,,,,,,,,,,,,,,,,,,,,,,,,,,,,,,,3.24,5.72,9.33,9.58,8.9,9.55,10.36,8.94,7.61,5.47,4.73,4.97,5.56,6.69,7.49,7.07,6.16,6.24,8.35,8.61,7.8,7.98,8.05,7.95,7.43,6.99,6.72,6.37,6.83,8.45
Eswatini,SWZ,"Unemployment, total (% of total labor force) (modeled ILO estimate)",SL.UEM.TOTL.ZS,,,,,,,,,,,,,,,,,,,,,,,,,,,,,,,,21.32,21.42,21.6,21.66,21.65,22.08,22.5,23.12,23.82,24.4,25,25.74,26.39,26.96,27.47,27.85,28.24,27.45,27.39,26.82,26.15,25.52,24.9,24.14,23.44,22.72,22.54,22.37,22.24,23.4
Sint Maarten (Dutch part),SXM,"Unemployment, total (% of total labor force) (modeled ILO estimate)",SL.UEM.TOTL.ZS,,,,,,,,,,,,,,,,,,,,,,,,,,,,,,,,,,,,,,,,,,,,,,,,,,,,,,,,,,,,,
Seychelles,SYC,"Unemployment, total (% of total labor force) (modeled ILO estimate)",SL.UEM.TOTL.ZS,,,,,,,,,,,,,,,,,,,,,,,,,,,,,,,,,,,,,,,,,,,,,,,,,,,,,,,,,,,,,
Syrian Arab Republic,SYR,"Unemployment, total (% of total labor force) (modeled ILO estimate)",SL.UEM.TOTL.ZS,,,,,,,,,,,,,,,,,,,,,,,,,,,,,,,,6.75,7.05,7.4,7.5,7.2,7.29,7.38,7.47,7.6,9.51,11.63,10.98,10.28,9.59,8.9,8.17,8.42,10.94,8.14,8.61,8.6,8.61,8.62,8.55,8.5,8.44,8.33,8.23,8.16,9.03
Turks and Caicos Islands,TCA,"Unemployment, total (% of total labor force) (modeled ILO estimate)",SL.UEM.TOTL.ZS,,,,,,,,,,,,,,,,,,,,,,,,,,,,,,,,,,,,,,,,,,,,,,,,,,,,,,,,,,,,,
Chad,TCD,"Unemployment, total (% of total labor force) (modeled ILO estimate)",SL.UEM.TOTL.ZS,,,,,,,,,,,,,,,,,,,,,,,,,,,,,,,,0.67,0.68,0.7,0.75,0.8,0.84,0.89,0.94,1,1.05,1.09,1.16,1.22,1.26,1.29,1.28,1.29,1.32,1.5,1.59,1.66,1.73,1.8,1.83,1.87,1.89,1.89,1.89,1.91,2.26
Togo,TGO,"Unemployment, total (% of total labor force) (modeled ILO estimate)",SL.UEM.TOTL.ZS,,,,,,,,,,,,,,,,,,,,,,,,,,,,,,,,4.26,4.32,4.43,4.46,4.46,4.46,4.45,4.45,4.49,4.46,4.44,4.48,4.48,4.43,4.36,4.23,3.6,3.08,2.8,2.39,1.98,2.05,2.12,2.16,2.2,2.95,3.74,3.66,3.6,4.05
Thailand,THA,"Unemployment, total (% of total labor force) (modeled ILO estimate)",SL.UEM.TOTL.ZS,,,,,,,,,,,,,,,,,,,,,,,,,,,,,,,,2.63,1.35,1.49,1.35,1.1,1.07,0.87,3.4,2.97,2.39,2.6,1.82,1.54,1.51,1.35,1.22,1.18,1.18,0.93,0.62,0.66,0.58,0.21,0.58,0.6,0.69,0.83,0.77,0.72,1.02
Tajikistan,TJK,"Unemployment, total (% of total labor force) (modeled ILO estimate)",SL.UEM.TOTL.ZS,,,,,,,,,,,,,,,,,,,,,,,,,,,,,,,,1.9,2.1,6.2,8.8,10.3,13.4,13.9,16.5,15.4,14.96,14.55,14.25,13.87,13.42,12.94,12.38,11.84,11.43,11.5,10.85,10.16,9.5,8.86,8.17,7.53,6.9,6.81,6.72,6.66,7.5
Turkmenistan,TKM,"Unemployment, total (% of total labor force) (modeled ILO estimate)",SL.UEM.TOTL.ZS,,,,,,,,,,,,,,,,,,,,,,,,,,,,,,,,1.4,1.5,1.5,4.7,8.3,10.3,11,12.2,12.7,11.67,10.7,9.87,9,8.12,7.26,6.4,5.61,4.94,4.54,4,4,4,4.01,3.97,3.94,3.9,3.84,3.79,3.74,4.38
Timor-Leste,TLS,"Unemployment, total (% of total labor force) (modeled ILO estimate)",SL.UEM.TOTL.ZS,,,,,,,,,,,,,,,,,,,,,,,,,,,,,,,,3.24,3.28,3.34,3.36,3.36,3.36,3.36,3.36,3.38,3.36,3.35,3.38,3.38,3.35,3.3,3.22,3.14,3.11,3.27,3.3,3.53,3.77,4.03,4.23,4.45,4.66,4.57,4.48,4.42,5.06
Tonga,TON,"Unemployment, total (% of total labor force) (modeled ILO estimate)",SL.UEM.TOTL.ZS,,,,,,,,,,,,,,,,,,,,,,,,,,,,,,,,1.25,1.27,1.3,1.58,1.88,2.2,2.54,2.91,3.34,3.74,4.17,4.68,5.18,3.48,2.12,1.09,1.19,1.31,1.56,1.75,1.92,2.11,2.31,2.46,2.64,2.8,2.93,3.07,3.01,4.37
Trinidad and Tobago,TTO,"Unemployment, total (% of total labor force) (modeled ILO estimate)",SL.UEM.TOTL.ZS,,,,,,,,,,,,,,,,,,,,,,,,,,,,,,,,3.36,3.32,3.27,3.3,3.34,3.4,3.46,3.51,3.54,3.61,3.66,3.69,3.72,3.8,3.89,4.03,4.17,4.22,4.03,4.03,3.43,3.72,2.68,2.48,2.43,3.21,3.3,3.4,3.46,6.74
Tunisia,TUN,"Unemployment, total (% of total labor force) (modeled ILO estimate)",SL.UEM.TOTL.ZS,,,,,,,,,,,,,,,,,,,,,,,,,,,,,,,,15.64,15.74,15.91,15.96,15.95,15.96,15.94,15.54,15.21,14.94,14.4,14.55,14.51,14.23,12.87,12.51,12.37,12.44,13.29,13.05,18.33,17.63,15.93,15.06,15.16,15.51,15.38,15.46,15.13,16.69
Turkey,TUR,"Unemployment, total (% of total labor force) (modeled ILO estimate)",SL.UEM.TOTL.ZS,,,,,,,,,,,,,,,,,,,,,,,,,,,,,,,,8.21,8.51,8.96,8.58,7.64,6.63,6.84,6.89,7.69,6.5,8.38,10.36,10.54,10.84,10.64,8.72,8.87,9.71,12.55,10.66,8.8,8.15,8.73,9.88,10.24,10.84,10.82,10.89,13.67,13.92
Tuvalu,TUV,"Unemployment, total (% of total labor force) (modeled ILO estimate)",SL.UEM.TOTL.ZS,,,,,,,,,,,,,,,,,,,,,,,,,,,,,,,,,,,,,,,,,,,,,,,,,,,,,,,,,,,,,
Tanzania,TZA,"Unemployment, total (% of total labor force) (modeled ILO estimate)",SL.UEM.TOTL.ZS,,,,,,,,,,,,,,,,,,,,,,,,,,,,,,,,3.6,3.58,3.59,3.53,3.45,3.38,3.29,3.22,3.17,3.08,2.99,3.11,3.21,3.27,3.31,3.3,2.92,2.61,2.5,2.98,3.47,3.19,2.93,2.13,2.1,2.08,2.03,1.99,1.96,2.16
Uganda,UGA,"Unemployment, total (% of total labor force) (modeled ILO estimate)",SL.UEM.TOTL.ZS,,,,,,,,,,,,,,,,,,,,,,,,,,,,,,,,0.94,0.92,1.13,1.33,1.55,1.77,2.01,2.27,2.58,2.85,3.14,3.5,3.6,2.69,1.9,2.21,2.53,2.92,3.6,3.61,3.58,3.55,1.91,1.88,1.86,1.83,1.79,1.75,1.72,2.44
Ukraine,UKR,"Unemployment, total (% of total labor force) (modeled ILO estimate)",SL.UEM.TOTL.ZS,,,,,,,,,,,,,,,,,,,,,,,,,,,,,,,,1.9,1.9,2,2,5.62,7.65,8.93,11.32,11.86,11.71,11.06,10.14,9.06,8.59,7.18,6.81,6.35,6.36,8.84,8.1,7.85,7.53,7.17,9.27,9.14,9.35,9.51,8.8,8.19,9.48
Uruguay,URY,"Unemployment, total (% of total labor force) (modeled ILO estimate)",SL.UEM.TOTL.ZS,,,,,,,,,,,,,,,,,,,,,,,,,,,,,,,,9.01,8.98,8.94,9,9.08,9.17,9.27,9.36,10.47,12.63,15.05,16.65,16.66,12.98,12.01,10.84,9.4,8.03,7.74,7.16,6.31,6.45,6.44,6.55,7.49,7.84,7.89,8.34,9.35,12.67
United States,USA,"Unemployment, total (% of total labor force) (modeled ILO estimate)",SL.UEM.TOTL.ZS,,,,,,,,,,,,,,,,,,,,,,,,,,,,,,,,6.8,7.5,6.9,6.12,5.65,5.45,5,4.51,4.22,3.99,4.73,5.78,5.99,5.53,5.08,4.62,4.62,5.78,9.25,9.63,8.95,8.07,7.38,6.17,5.28,4.87,4.36,3.9,3.67,8.31
Uzbekistan,UZB,"Unemployment, total (% of total labor force) (modeled ILO estimate)",SL.UEM.TOTL.ZS,,,,,,,,,,,,,,,,,,,,,,,,,,,,,,,,1.9,2.9,4.9,7.3,7.8,10.7,10.9,13.3,13.3,12.06,10.89,9.87,8.85,7.82,6.83,5.86,4.99,4.89,5,5.4,5,4.9,4.9,5.1,5.2,5.2,5.8,5.71,5.65,5.97
St. Vincent and the Grenadines,VCT,"Unemployment, total (% of total labor force) (modeled ILO estimate)",SL.UEM.TOTL.ZS,,,,,,,,,,,,,,,,,,,,,,,,,,,,,,,,19.77,19.98,20.27,20.42,20.52,20.62,20.71,20.81,20.98,21.03,21.1,20.93,20.69,20.37,20.01,19.55,19.11,18.79,19.25,19.32,19.31,19.33,19.35,19.23,19.16,19.06,18.89,18.73,18.62,20.27
"Venezuela, RB",VEN,"Unemployment, total (% of total labor force) (modeled ILO estimate)",SL.UEM.TOTL.ZS,,,,,,,,,,,,,,,,,,,,,,,,,,,,,,,,9.45,7.69,6.6,8.56,10.24,11.77,11.16,11.15,14.53,13.99,13.04,16.17,16.78,15.07,10.66,8.61,7.28,6.25,6.1,7.11,6.9,6.6,7.54,7.48,7.44,7.39,7.3,7.22,7.16,9.14
British Virgin Islands,VGB,"Unemployment, total (% of total labor force) (modeled ILO estimate)",SL.UEM.TOTL.ZS,,,,,,,,,,,,,,,,,,,,,,,,,,,,,,,,,,,,,,,,,,,,,,,,,,,,,,,,,,,,,
Virgin Islands (U.S.),VIR,"Unemployment, total (% of total labor force) (modeled ILO estimate)",SL.UEM.TOTL.ZS,,,,,,,,,,,,,,,,,,,,,,,,,,,,,,,,6.49,6.45,6.39,6.42,6.47,6.53,6.6,6.66,6.69,6.76,6.83,6.85,6.89,6.97,7.07,7.22,7.38,7.43,7.21,7.2,7.27,7.3,7.34,7.45,7.57,7.69,7.84,7.99,8.09,11.84
Vietnam,VNM,"Unemployment, total (% of total labor force) (modeled ILO estimate)",SL.UEM.TOTL.ZS,,,,,,,,,,,,,,,,,,,,,,,,,,,,,,,,1.83,1.86,1.91,1.93,1.93,1.93,2.87,2.29,2.33,2.26,2.76,2.12,2.25,2.14,2.13,2.08,2.03,1.8,1.74,1.11,1,1.03,1.32,1.26,1.85,1.85,1.87,1.16,2.04,2.27
Vanuatu,VUT,"Unemployment, total (% of total labor force) (modeled ILO estimate)",SL.UEM.TOTL.ZS,,,,,,,,,,,,,,,,,,,,,,,,,,,,,,,,4.5,4.57,4.68,4.72,4.71,4.71,4.7,4.7,4.74,4.72,4.69,4.74,4.74,4.68,4.61,4.47,4.36,4.31,4.57,1.85,1.85,1.85,1.85,1.83,1.81,1.79,1.75,1.72,1.69,1.95
Samoa,WSM,"Unemployment, total (% of total labor force) (modeled ILO estimate)",SL.UEM.TOTL.ZS,,,,,,,,,,,,,,,,,,,,,,,,,,,,,,,,2.1,2.35,2.63,2.89,3.15,3.43,3.71,4.01,4.34,4.64,4.96,5.07,5.15,5.19,5.2,5.17,5.15,5.18,5.48,5.6,5.68,8.75,8.79,8.72,8.66,8.58,8.44,8.32,8.22,8.87
Kosovo,XKX,"Unemployment, total (% of total labor force) (modeled ILO estimate)",SL.UEM.TOTL.ZS,,,,,,,,,,,,,,,,,,,,,,,,,,,,,,,,,,,,,,,,,,,,,,,,,,,,,,,,,,,,,
"Yemen, Rep.",YEM,"Unemployment, total (% of total labor force) (modeled ILO estimate)",SL.UEM.TOTL.ZS,,,,,,,,,,,,,,,,,,,,,,,,,,,,,,,,8.15,8.21,8.31,8.34,8.91,9.51,10.12,10.75,11.46,11.57,11.69,11.89,12.04,12.12,12.17,12.13,12.1,12.17,12.71,12.93,13.08,13.24,13.41,13.47,13.4,13.31,13.15,13.01,12.9,13.42
South Africa,ZAF,"Unemployment, total (% of total labor force) (modeled ILO estimate)",SL.UEM.TOTL.ZS,,,,,,,,,,,,,,,,,,,,,,,,,,,,,,,,29.44,29.58,29.8,29.88,29.87,29.87,29.85,29.85,29.94,29.88,30.69,33.29,32.31,29.45,29.12,28.34,26.54,22.41,23.52,24.68,24.64,24.73,24.56,24.89,25.15,26.54,27.04,26.91,28.47,28.74
Zambia,ZMB,"Unemployment, total (% of total labor force) (modeled ILO estimate)",SL.UEM.TOTL.ZS,,,,,,,,,,,,,,,,,,,,,,,,,,,,,,,,18.9,19.26,19.7,18.22,16.72,15.3,13.59,12,12.5,12.93,13.5,14.18,14.8,15.37,15.9,12.87,10.2,7.93,10.5,13.19,10.34,7.85,8.61,9.34,10.1,10.88,11.63,12.01,11.91,12.17
Zimbabwe,ZWE,"Unemployment, total (% of total labor force) (modeled ILO estimate)",SL.UEM.TOTL.ZS,,,,,,,,,,,,,,,,,,,,,,,,,,,,,,,,4.8,4.85,4.93,4.96,5.58,6.24,6.93,6.44,6,5.64,5.3,5.03,4.72,4.39,4.48,4.52,4.57,4.67,5.03,5.22,5.37,5.38,5.38,5.33,5.29,5.24,5.15,5.07,5.02,5.73
